DROP TABLE absensi;

CREATE TABLE `absensi` (
  `KODE_ABSENSI` int(11) NOT NULL AUTO_INCREMENT,
  `KODE_JAM_KERJA` int(11) NOT NULL,
  `NIP_PEGAWAI` varchar(25) NOT NULL,
  `TANGGAL` date NOT NULL,
  `JAM_MASUK` time DEFAULT NULL,
  `JAM_KELUAR` time DEFAULT NULL,
  PRIMARY KEY (`KODE_ABSENSI`)
) ENGINE=MyISAM AUTO_INCREMENT=17 DEFAULT CHARSET=latin1;

INSERT INTO absensi VALUES("3","1","123456","2015-06-23","08:00:00","16:00:00");
INSERT INTO absensi VALUES("4","1","123456","2015-06-24","10:00:00","18:00:00");
INSERT INTO absensi VALUES("6","1","123456","2015-06-25","09:00:00","16:00:00");
INSERT INTO absensi VALUES("10","1","123456","2015-06-26","08:00:00","16:00:00");
INSERT INTO absensi VALUES("14","1","123456","2015-06-27","09:00:00","16:00:00");
INSERT INTO absensi VALUES("15","4","123456","2015-06-28","15:00:00","05:00:00");
INSERT INTO absensi VALUES("16","4","123456","2015-06-29","16:00:00","06:00:00");



DROP TABLE backup_data;

CREATE TABLE `backup_data` (
  `id_backup` int(11) NOT NULL AUTO_INCREMENT,
  `tanggal` datetime NOT NULL,
  `file` text NOT NULL,
  PRIMARY KEY (`id_backup`)
) ENGINE=InnoDB AUTO_INCREMENT=36 DEFAULT CHARSET=latin1;

INSERT INTO backup_data VALUES("35","2015-07-04 12:35:03","Sat04Jul2015lukstron1436006103.sql");



DROP TABLE cuti;

CREATE TABLE `cuti` (
  `KODE_CUTI` int(11) NOT NULL AUTO_INCREMENT,
  `NIP_PEGAWAI` varchar(25) NOT NULL,
  `KETERANGAN` text NOT NULL,
  `TANGGAL_AWAL` date NOT NULL,
  `TANGGAL_AKHIR` date NOT NULL,
  `STATUS` varchar(20) DEFAULT NULL,
  `KODE_PETUGAS` int(11) NOT NULL,
  PRIMARY KEY (`KODE_CUTI`)
) ENGINE=MyISAM AUTO_INCREMENT=5 DEFAULT CHARSET=latin1;

INSERT INTO cuti VALUES("3","123456","cuti hamil2","2015-06-21","2015-06-30","Menunggu","3");
INSERT INTO cuti VALUES("4","123456","cuti Nikah","2015-06-21","2015-06-27","Menunggu","3");



DROP TABLE departemen;

CREATE TABLE `departemen` (
  `KODE_DEPARTEMEN` int(11) NOT NULL AUTO_INCREMENT,
  `NAMA_DEPARTEMEN` varchar(50) NOT NULL,
  PRIMARY KEY (`KODE_DEPARTEMEN`)
) ENGINE=MyISAM AUTO_INCREMENT=9 DEFAULT CHARSET=latin1;

INSERT INTO departemen VALUES("1","HUMAS INTERNAL");
INSERT INTO departemen VALUES("2","KEUANGAN");
INSERT INTO departemen VALUES("3","TEKNOLOGI");
INSERT INTO departemen VALUES("7","MANAGER");
INSERT INTO departemen VALUES("8","GUDANG");



DROP TABLE jabatan;

CREATE TABLE `jabatan` (
  `KODE_JABATAN` int(11) NOT NULL AUTO_INCREMENT,
  `NAMA_JABATAN` varchar(50) NOT NULL,
  `TUNJANGAN_JABATAN` int(11) NOT NULL,
  `TUNJANGAN_LAIN` varchar(50) DEFAULT NULL,
  PRIMARY KEY (`KODE_JABATAN`)
) ENGINE=MyISAM AUTO_INCREMENT=17 DEFAULT CHARSET=latin1;

INSERT INTO jabatan VALUES("12","SPESIALISASI WEBSITE","5000000","2,3");
INSERT INTO jabatan VALUES("13","ADMINISTRASI KEUANGAN","1000000","2,3");
INSERT INTO jabatan VALUES("14","FRONT ACCOUNTING","24000000","2,3");
INSERT INTO jabatan VALUES("15","SUPERVISIOR","3500000","2,3");
INSERT INTO jabatan VALUES("16","GENERAL ACCOUNTING","1450000","2,3");



DROP TABLE jam_kerja;

CREATE TABLE `jam_kerja` (
  `KODE_JAM_KERJA` int(11) NOT NULL AUTO_INCREMENT,
  `KETERANGAN` varchar(20) NOT NULL,
  `JAM_DATANG` time NOT NULL,
  `JAM_PULANG` time NOT NULL,
  `JAM_KELUAR_ISTIRAHAT` time NOT NULL,
  `JAM_MASUK_ISTIRAHAT` time NOT NULL,
  PRIMARY KEY (`KODE_JAM_KERJA`)
) ENGINE=MyISAM AUTO_INCREMENT=5 DEFAULT CHARSET=latin1;

INSERT INTO jam_kerja VALUES("1","Shif Pagi","09:00:00","16:00:00","12:00:00","13:00:00");
INSERT INTO jam_kerja VALUES("4","Shif Malam","16:00:00","05:00:00","00:00:00","01:00:00");



DROP TABLE kasbon_pegawai;

CREATE TABLE `kasbon_pegawai` (
  `KODE_KASBON` int(11) NOT NULL AUTO_INCREMENT,
  `NIP_PEGAWAI` varchar(25) NOT NULL,
  `TANGGAL` date NOT NULL,
  `NOMINAL` int(11) NOT NULL,
  `KETERANGAN` varchar(100) NOT NULL,
  `STATUS` varchar(10) NOT NULL,
  `KODE_PETUGAS` int(11) NOT NULL,
  PRIMARY KEY (`KODE_KASBON`)
) ENGINE=MyISAM AUTO_INCREMENT=4 DEFAULT CHARSET=latin1;

INSERT INTO kasbon_pegawai VALUES("2","123456","2015-06-22","250000","Pinjam","Hutang","3");
INSERT INTO kasbon_pegawai VALUES("3","123456","2015-06-22","50000","makan siang","Hutang","3");



DROP TABLE lembur;

CREATE TABLE `lembur` (
  `KODE_LEMBUR` int(11) NOT NULL AUTO_INCREMENT,
  `NIP_PEGAWAI` varchar(25) NOT NULL,
  `BULAN` varchar(20) NOT NULL,
  `TAHUN` year(4) NOT NULL,
  `TANGGAL` int(11) NOT NULL,
  `JUMLAH_JAM_LEMBUR` int(11) NOT NULL,
  PRIMARY KEY (`KODE_LEMBUR`)
) ENGINE=MyISAM DEFAULT CHARSET=latin1;




DROP TABLE master_tunjangan;

CREATE TABLE `master_tunjangan` (
  `KODE_MASTER_TUNJANGAN` int(11) NOT NULL AUTO_INCREMENT,
  `NAMA_TUNJANGAN` varchar(50) NOT NULL,
  `NOMINAL` int(11) NOT NULL,
  PRIMARY KEY (`KODE_MASTER_TUNJANGAN`)
) ENGINE=MyISAM AUTO_INCREMENT=4 DEFAULT CHARSET=latin1;

INSERT INTO master_tunjangan VALUES("2","anak","300000");
INSERT INTO master_tunjangan VALUES("3","Istri","500000");



DROP TABLE mesin_absensi;

CREATE TABLE `mesin_absensi` (
  `KODE_MESIN` int(11) NOT NULL AUTO_INCREMENT,
  `NAMA_MESIN` varchar(50) NOT NULL,
  `IP_ADDRESS` varchar(50) NOT NULL,
  `PORT_COM` varchar(50) NOT NULL,
  PRIMARY KEY (`KODE_MESIN`)
) ENGINE=MyISAM DEFAULT CHARSET=latin1;




DROP TABLE pegawai;

CREATE TABLE `pegawai` (
  `KODE_PEGAWAI` int(11) NOT NULL AUTO_INCREMENT,
  `NIP_PEGAWAI` varchar(25) NOT NULL,
  `NAMA_PEGAWAI` varchar(100) NOT NULL,
  `TEMPAT_LAHIR` varchar(50) NOT NULL,
  `TANGGAL_LAHIR` date NOT NULL,
  `AGAMA` varchar(50) NOT NULL,
  `STATUS_PERNIKAHAN` varchar(50) NOT NULL,
  `JUMLAH_ANAK` int(11) NOT NULL,
  `ALAMAT` text NOT NULL,
  `NOMOR_TELEPON` varchar(20) NOT NULL,
  `KODE_JABATAN` int(11) NOT NULL,
  `KODE_DEPARTEMEN` int(11) NOT NULL,
  `GAJI_POKOK` int(11) NOT NULL,
  `TANGGAL_MASUK` date NOT NULL,
  `TANGGAL_KELUAR` date DEFAULT NULL,
  `STATUS_PEGAWAI` varchar(50) NOT NULL,
  `FOTO_PEGAWAI` text,
  `JENIS_KELAMIN` varchar(20) NOT NULL,
  `EMAIL` varchar(100) NOT NULL,
  PRIMARY KEY (`KODE_PEGAWAI`)
) ENGINE=MyISAM AUTO_INCREMENT=3 DEFAULT CHARSET=latin1;

INSERT INTO pegawai VALUES("1","123456","Fajar Abby H","Bandung","1994-10-01","Islam","Menikah","0","Komplek Margahayu raya","08987898471","15","1","4500000","0000-00-00","0000-00-00","Tetap","123456.jpg","laki-laki","fajar@gmail.com");
INSERT INTO pegawai VALUES("2","213213214214","Indra Ramadhan","Bandung","1993-03-08","Islam","Belum Kawin","0","Antapani","08678577","12","3","4000000","2015-06-01","0000-00-00","as","","laki-laki","indra08031993@gmail.com");



DROP TABLE penghargaan;

CREATE TABLE `penghargaan` (
  `KODE_PENGHARGAAN` int(11) NOT NULL AUTO_INCREMENT,
  `NIP_PEGAWAI` varchar(20) COLLATE latin1_general_ci NOT NULL,
  `BULAN` varchar(20) COLLATE latin1_general_ci NOT NULL,
  `TAHUN` char(4) COLLATE latin1_general_ci NOT NULL,
  `NOMINAL` int(11) NOT NULL,
  `TANGGAL` date NOT NULL,
  `KODE_PETUGAS` int(11) NOT NULL,
  PRIMARY KEY (`KODE_PENGHARGAAN`)
) ENGINE=MyISAM DEFAULT CHARSET=latin1 COLLATE=latin1_general_ci;




DROP TABLE petugas;

CREATE TABLE `petugas` (
  `KODE_PETUGAS` int(11) NOT NULL AUTO_INCREMENT,
  `NAMA_PETUGAS` varchar(100) NOT NULL,
  `EMAIL` varchar(100) NOT NULL,
  `USERNAME_LOGIN` text NOT NULL,
  `PASSWORD_LOGIN` text NOT NULL,
  PRIMARY KEY (`KODE_PETUGAS`)
) ENGINE=MyISAM AUTO_INCREMENT=4 DEFAULT CHARSET=latin1;

INSERT INTO petugas VALUES("1","fajar","fajar","fajar","fajar");
INSERT INTO petugas VALUES("2","admin","admin","admin","admin");
INSERT INTO petugas VALUES("3","indra","indra","indra","indra");



DROP TABLE potongan_perusahaan;

CREATE TABLE `potongan_perusahaan` (
  `KODE_POTONGAN_PERUSAHAAN` int(11) NOT NULL AUTO_INCREMENT,
  `NAMA_POTONGAN_PERUSAHAAN` varchar(50) NOT NULL,
  `PRESENTASE_POTONGAN` int(11) NOT NULL,
  PRIMARY KEY (`KODE_POTONGAN_PERUSAHAAN`)
) ENGINE=MyISAM DEFAULT CHARSET=latin1;




DROP TABLE restore_data;

CREATE TABLE `restore_data` (
  `id_restore` int(11) NOT NULL AUTO_INCREMENT,
  `tanggal` datetime NOT NULL,
  `file` text NOT NULL,
  PRIMARY KEY (`id_restore`)
) ENGINE=InnoDB AUTO_INCREMENT=7 DEFAULT CHARSET=latin1;

INSERT INTO restore_data VALUES("1","2015-07-04 12:28:32","");
INSERT INTO restore_data VALUES("2","2015-07-04 12:31:05","");
INSERT INTO restore_data VALUES("3","2015-07-04 12:31:59","");
INSERT INTO restore_data VALUES("4","2015-07-04 12:32:28","");
INSERT INTO restore_data VALUES("5","2015-07-04 12:33:13","");
INSERT INTO restore_data VALUES("6","2015-07-04 12:33:37","");



